{"cameraMode":{"drawMode":0,"name":"Shaded","section":"Shading Mode"},"sceneLighting":false,"audioPlay":false,"sceneViewState":{"showFog":false,"showMaterialUpdate":false,"showSkybox":false,"showFlares":false,"showImageEffects":false,"showParticleSystems":false},"in2DMode":false,"pivot":{"x":-0.8255017995834351,"y":2.6961050033569338,"z":5.501117706298828},"rotation":{"x":0.2996284067630768,"y":-0.03376249969005585,"z":0.010610770434141159,"w":0.9534006118774414},"size":22.934598922729493,"orthographic":false}