{"cameraMode":{"drawMode":0,"name":"Shaded","section":"Shading Mode"},"sceneLighting":false,"audioPlay":false,"sceneViewState":{"showFog":false,"showMaterialUpdate":false,"showSkybox":false,"showFlares":false,"showImageEffects":false,"showParticleSystems":false},"in2DMode":false,"pivot":{"x":30.70479965209961,"y":-22.582050323486329,"z":-1.2100906372070313},"rotation":{"x":0.3241528272628784,"y":-0.0637897253036499,"z":0.021913569420576097,"w":0.9435981512069702},"size":87.52734375,"orthographic":false}